{"cameraMode":{"drawMode":0,"name":"Shaded","section":"Shading Mode"},"sceneLighting":true,"audioPlay":false,"sceneViewState":{"showFog":false,"showMaterialUpdate":false,"showSkybox":false,"showFlares":false,"showImageEffects":false,"showParticleSystems":false},"in2DMode":false,"pivot":{"x":1.8035027980804444,"y":2.7683863639831545,"z":0.09166530519723892},"rotation":{"x":0.06249580159783363,"y":-0.9354382753372192,"z":0.2114441990852356,"w":0.2763708233833313},"size":59.50351333618164,"orthographic":false}