{"cameraMode":{"drawMode":0,"name":"Shaded","section":"Shading Mode"},"sceneLighting":true,"audioPlay":false,"sceneViewState":{"showFog":false,"showMaterialUpdate":false,"showSkybox":false,"showFlares":false,"showImageEffects":false,"showParticleSystems":false},"in2DMode":false,"pivot":{"x":-0.7078146934509277,"y":19.80373764038086,"z":-0.42769885063171389},"rotation":{"x":0.4918740689754486,"y":0.5080588459968567,"z":-0.4939444363117218,"w":0.5059353113174439},"size":0.5205935835838318,"orthographic":false}