{"cameraMode":{"drawMode":0,"name":"Shaded","section":"Shading Mode"},"sceneLighting":true,"audioPlay":false,"sceneViewState":{"showFog":false,"showMaterialUpdate":false,"showSkybox":false,"showFlares":false,"showImageEffects":false,"showParticleSystems":false},"in2DMode":false,"pivot":{"x":-0.9208567142486572,"y":-62.47314453125,"z":87.07679748535156},"rotation":{"x":-0.31295648217201235,"y":0.00800967589020729,"z":-0.0026147703174501659,"w":-0.9497523903846741},"size":59.50351333618164,"orthographic":false}